{"offline_id": "f2e802d9a8c0486fac98828b1c139b53", "project_name": "yolov5", "start_time": 1702916923204, "stop_time": 1702916927542, "tags": [], "workspace": null, "resume_strategy": "create", "customer_error_reported": true, "customer_error_message": "Unexpected error detected in the user script: Exception('\\x1b[34m\\x1b[1mtrain: \\x1b[0mError loading data from /home/ivanbliminse/Documents/Football-Event-Detection-Model/research/yolov5/football-players-detection-4/train/images: \\x1b[34m\\x1b[1mtrain: \\x1b[0m/home/ivanbliminse/Documents/Football-Event-Detection-Model/research/yolov5/football-players-detection-4/train/images does not exist\\nSee https://docs.ultralytics.com/yolov5/tutorials/train_custom_data')"}